name,details,tagline,price,price_range,atbdp_post_views_count,excerpt,location,tag,category,hide_contact_info,address,manual_lat,manual_lng,hide_map,zip,phone,phone2,fax,email,website,listing_prv_img,video,fm_plans,claimed_by_admin
Global University,It is a long established fact that a reader will be distracted by the readable content of a page when looking at its layout. It is a long established fact that a reader will be distracted by the readable content of a page when looking at its layout. It is a long established fact that a reader will be distracted by the readable content of a page when looking at its layout.It is a long established fact that a reader will be distracted by the readable content of a page when looking at its layout. It is a long established fact that a reader will be distracted by the readable content of a page when looking at its layout. It is a long established fact that a reader will be distracted by the readable content of a page when looking at its layout,Donec pede justo fringilla vel,2525,high,25,,Dubai,best food,Education,0,My geo location,25.204849,55.270782,,369659,59589585298,548548596xxxx,562552,example@gmail.com,www.example.com,https://demo.directorist.com/plugin/demo-one/wp-content/uploads/2020/06/protest-2265287_1280-1024x640.jpg,https://www.youtube.com/watch?v=DGQwd1_dpuc&t=4s,,
Ready Resort for Sell,It is a long established fact that a reader will be distracted by the readable content of a page when looking at its layout. It is a long established fact that a reader will be distracted by the readable content of a page when looking at its layout. It is a long established fact that a reader will be distracted by the readable content of a page when looking at its layout.It is a long established fact that a reader will be distracted by the readable content of a page when looking at its layout. It is a long established fact that a reader will be distracted by the readable content of a page when looking at its layout. It is a long established fact that a reader will be distracted by the readable content of a page when looking at its layout,Donec pede justo fringilla vel,2525,high,25,,Dubai,best food,Education,0,My geo location,25.204849,55.270782,,369659,59589585298,548548596xxxx,562552,example@gmail.com,www.example.com,https://demo.directorist.com/plugin/demo-one/wp-content/uploads/2020/06/blue-69764_1280-1024x682.jpg,https://www.youtube.com/watch?v=DGQwd1_dpuc&t=4s,,
Holiday Luxury House,It is a long established fact that a reader will be distracted by the readable content of a page when looking at its layout. It is a long established fact that a reader will be distracted by the readable content of a page when looking at its layout. It is a long established fact that a reader will be distracted by the readable content of a page when looking at its layout.It is a long established fact that a reader will be distracted by the readable content of a page when looking at its layout. It is a long established fact that a reader will be distracted by the readable content of a page when looking at its layout. It is a long established fact that a reader will be distracted by the readable content of a page when looking at its layout,Donec pede justo fringilla vel,2525,high,25,,Melborn,house,Place,0,My geo location,-37.813629,144.963058,,369659,59589585298,548548596xxxx,562552,example@gmail.com,www.example.com,https://demo.directorist.com/plugin/demo-one/wp-content/uploads/2020/06/greece-844269_640.jpg,https://www.youtube.com/watch?v=DGQwd1_dpuc&t=4s,,
Gary Danko,It is a long established fact that a reader will be distracted by the readable content of a page when looking at its layout. It is a long established fact that a reader will be distracted by the readable content of a page when looking at its layout. It is a long established fact that a reader will be distracted by the readable content of a page when looking at its layout.It is a long established fact that a reader will be distracted by the readable content of a page when looking at its layout. It is a long established fact that a reader will be distracted by the readable content of a page when looking at its layout. It is a long established fact that a reader will be distracted by the readable content of a page when looking at its layout,Donec pede justo fringilla vel,2525,high,25,,Melborn,house,Place,0,My geo location,-37.813629,144.963058,,369659,59589585298,548548596xxxx,562552,example@gmail.com,www.example.com,https://demo.directorist.com/plugin/demo-one/wp-content/uploads/2020/06/olive-oil-1412361_640.jpg,https://www.youtube.com/watch?v=DGQwd1_dpuc&t=4s,,
The Bungalow,It is a long established fact that a reader will be distracted by the readable content of a page when looking at its layout. It is a long established fact that a reader will be distracted by the readable content of a page when looking at its layout. It is a long established fact that a reader will be distracted by the readable content of a page when looking at its layout.It is a long established fact that a reader will be distracted by the readable content of a page when looking at its layout. It is a long established fact that a reader will be distracted by the readable content of a page when looking at its layout. It is a long established fact that a reader will be distracted by the readable content of a page when looking at its layout,Donec pede justo fringilla vel,2525,high,25,,Melborn,house,Place,0,My geo location,-37.813629,144.963058,,369659,59589585298,548548596xxxx,562552,example@gmail.com,www.example.com,https://demo.directorist.com/plugin/demo-three/wp-content/uploads/2019/01/residence-2219972_1920-300x200.jpg,https://www.youtube.com/watch?v=DGQwd1_dpuc&t=4s,,
Jack Restaurant,It is a long established fact that a reader will be distracted by the readable content of a page when looking at its layout. It is a long established fact that a reader will be distracted by the readable content of a page when looking at its layout. It is a long established fact that a reader will be distracted by the readable content of a page when looking at its layout.It is a long established fact that a reader will be distracted by the readable content of a page when looking at its layout. It is a long established fact that a reader will be distracted by the readable content of a page when looking at its layout. It is a long established fact that a reader will be distracted by the readable content of a page when looking at its layout,Donec pede justo fringilla vel,2525,high,25,,Melborn,house,Place,0,My geo location,-37.813629,144.963058,,369659,59589585298,548548596xxxx,562552,example@gmail.com,www.example.com,https://demo.directorist.com/plugin/demo-three/wp-content/uploads/2019/01/restaurant-690569_1920-300x200.jpg,https://www.youtube.com/watch?v=DGQwd1_dpuc&t=4s,,
The Maryleborne,It is a long established fact that a reader will be distracted by the readable content of a page when looking at its layout. It is a long established fact that a reader will be distracted by the readable content of a page when looking at its layout. It is a long established fact that a reader will be distracted by the readable content of a page when looking at its layout.It is a long established fact that a reader will be distracted by the readable content of a page when looking at its layout. It is a long established fact that a reader will be distracted by the readable content of a page when looking at its layout. It is a long established fact that a reader will be distracted by the readable content of a page when looking at its layout,Donec pede justo fringilla vel,2525,high,25,,Singapure,Rent,Rent,0,My geo location,1.289440,103.849983,,369659,59589585298,548548596xxxx,562552,example@gmail.com,www.example.com,https://demo.directorist.com/plugin/demo-three/wp-content/uploads/2019/01/architecture-2586504_1920-300x200.jpg,https://www.youtube.com/watch?v=DGQwd1_dpuc&t=4s,,
Rose Cottage House,It is a long established fact that a reader will be distracted by the readable content of a page when looking at its layout. It is a long established fact that a reader will be distracted by the readable content of a page when looking at its layout. It is a long established fact that a reader will be distracted by the readable content of a page when looking at its layout.It is a long established fact that a reader will be distracted by the readable content of a page when looking at its layout. It is a long established fact that a reader will be distracted by the readable content of a page when looking at its layout. It is a long established fact that a reader will be distracted by the readable content of a page when looking at its layout,Donec pede justo fringilla vel,2525,high,25,,Singapure,Rent,Rent,0,My geo location,1.289440,103.849983,,369659,59589585298,548548596xxxx,562552,example@gmail.com,www.example.com,https://demo.directorist.com/plugin/demo-three/wp-content/uploads/2019/01/luxury-home-2409518_1920-300x205.jpg,https://www.youtube.com/watch?v=DGQwd1_dpuc&t=4s,,
Windy Ridge,It is a long established fact that a reader will be distracted by the readable content of a page when looking at its layout. It is a long established fact that a reader will be distracted by the readable content of a page when looking at its layout. It is a long established fact that a reader will be distracted by the readable content of a page when looking at its layout.It is a long established fact that a reader will be distracted by the readable content of a page when looking at its layout. It is a long established fact that a reader will be distracted by the readable content of a page when looking at its layout. It is a long established fact that a reader will be distracted by the readable content of a page when looking at its layout,Donec pede justo fringilla vel,2525,high,25,,Singapure,Rent,Rent,0,My geo location,1.289440,103.849983,,369659,59589585298,548548596xxxx,562552,example@gmail.com,www.example.com,https://demo.directorist.com/plugin/demo-three/wp-content/uploads/2019/01/restaurant-690569_1920-300x200.jpg,https://www.youtube.com/watch?v=DGQwd1_dpuc&t=4s,,
Green Ways,It is a long established fact that a reader will be distracted by the readable content of a page when looking at its layout. It is a long established fact that a reader will be distracted by the readable content of a page when looking at its layout. It is a long established fact that a reader will be distracted by the readable content of a page when looking at its layout.It is a long established fact that a reader will be distracted by the readable content of a page when looking at its layout. It is a long established fact that a reader will be distracted by the readable content of a page when looking at its layout. It is a long established fact that a reader will be distracted by the readable content of a page when looking at its layout,Donec pede justo fringilla vel,2525,high,25,,Singapure,Rent,Rent,0,My geo location,1.289440,103.849983,,369659,59589585298,548548596xxxx,562552,example@gmail.com,www.example.com,https://demo.directorist.com/plugin/demo-three/wp-content/uploads/2019/01/residence-2219972_1920-1-300x200.jpg,https://www.youtube.com/watch?v=DGQwd1_dpuc&t=4s,,
Holly Cottage,It is a long established fact that a reader will be distracted by the readable content of a page when looking at its layout. It is a long established fact that a reader will be distracted by the readable content of a page when looking at its layout. It is a long established fact that a reader will be distracted by the readable content of a page when looking at its layout.It is a long established fact that a reader will be distracted by the readable content of a page when looking at its layout. It is a long established fact that a reader will be distracted by the readable content of a page when looking at its layout. It is a long established fact that a reader will be distracted by the readable content of a page when looking at its layout,Donec pede justo fringilla vel,2525,high,25,,Singapure,Rent,Rent,0,My geo location,1.289440,103.849983,,369659,59589585298,548548596xxxx,562552,example@gmail.com,www.example.com,https://demo.directorist.com/plugin/demo-three/wp-content/uploads/2019/01/large-home-389271_1280-300x200.jpg,https://www.youtube.com/watch?v=DGQwd1_dpuc&t=4s,,
Sun Apartment,It is a long established fact that a reader will be distracted by the readable content of a page when looking at its layout. It is a long established fact that a reader will be distracted by the readable content of a page when looking at its layout. It is a long established fact that a reader will be distracted by the readable content of a page when looking at its layout.It is a long established fact that a reader will be distracted by the readable content of a page when looking at its layout. It is a long established fact that a reader will be distracted by the readable content of a page when looking at its layout. It is a long established fact that a reader will be distracted by the readable content of a page when looking at its layout,Donec pede justo fringilla vel,2525,high,25,,Los Angeles,purefood,Restaurent,0,My geo location,40.7143528,-74.0059731,,369659,59589585298,548548596xxxx,562552,example@gmail.com,www.example.com,https://demo.directorist.com/theme/dlist/wp-content/uploads/2020/01/4.jpg,https://www.youtube.com/watch?v=DGQwd1_dpuc&t=4s,,
Hose for rent!,It is a long established fact that a reader will be distracted by the readable content of a page when looking at its layout. It is a long established fact that a reader will be distracted by the readable content of a page when looking at its layout. It is a long established fact that a reader will be distracted by the readable content of a page when looking at its layout.It is a long established fact that a reader will be distracted by the readable content of a page when looking at its layout. It is a long established fact that a reader will be distracted by the readable content of a page when looking at its layout. It is a long established fact that a reader will be distracted by the readable content of a page when looking at its layout,Donec pede justo fringilla vel,2525,high,25,,Los Angeles,purefood,Restaurent,0,My geo location,40.7143528,-74.0059731,,369659,59589585298,548548596xxxx,562552,example@gmail.com,www.example.com,https://demo.directorist.com/plugin/demo-three/wp-content/uploads/2019/01/villa-194671_1920-300x205.jpg,https://www.youtube.com/watch?v=DGQwd1_dpuc&t=4s,,
Florist’s Shop,It is a long established fact that a reader will be distracted by the readable content of a page when looking at its layout. It is a long established fact that a reader will be distracted by the readable content of a page when looking at its layout. It is a long established fact that a reader will be distracted by the readable content of a page when looking at its layout.It is a long established fact that a reader will be distracted by the readable content of a page when looking at its layout. It is a long established fact that a reader will be distracted by the readable content of a page when looking at its layout. It is a long established fact that a reader will be distracted by the readable content of a page when looking at its layout,Donec pede justo fringilla vel,2525,high,95,,Scotland,purefood,Street Food,0,My geo location,40.7143528,-74.0059731,,369659,59589585298,548548596xxxx,562552,example@gmail.com,www.example.com,https://demo.directorist.com/theme/dlist/wp-content/uploads/2020/01/9.jpg,https://www.youtube.com/watch?v=DGQwd1_dpuc&t=4s,,
Sydney Restaurant Towers,It is a long established fact that a reader will be distracted by the readable content of a page when looking at its layout. It is a long established fact that a reader will be distracted by the readable content of a page when looking at its layout. It is a long established fact that a reader will be distracted by the readable content of a page when looking at its layout.It is a long established fact that a reader will be distracted by the readable content of a page when looking at its layout. It is a long established fact that a reader will be distracted by the readable content of a page when looking at its layout. It is a long established fact that a reader will be distracted by the readable content of a page when looking at its layout,Donec pede justo fringilla vel,2525,high,25,,Scotland,purefood,Street Food,0,My geo location,40.7143528,-74.0059731,,369659,59589585298,548548596xxxx,562552,example@gmail.com,www.example.com,https://demo.directorist.com/theme/dlist/wp-content/uploads/2020/01/5.jpg,https://www.youtube.com/watch?v=DGQwd1_dpuc&t=4s,,
Kung Food & Drinks,It is a long established fact that a reader will be distracted by the readable content of a page when looking at its layout. It is a long established fact that a reader will be distracted by the readable content of a page when looking at its layout. It is a long established fact that a reader will be distracted by the readable content of a page when looking at its layout.It is a long established fact that a reader will be distracted by the readable content of a page when looking at its layout. It is a long established fact that a reader will be distracted by the readable content of a page when looking at its layout. It is a long established fact that a reader will be distracted by the readable content of a page when looking at its layout,Donec pede justo fringilla vel,2525,high,25,,Scotland,purefood,Restaurent,0,My geo location,40.7143528,-74.0059731,,369659,59589585298,548548596xxxx,562552,example@gmail.com,www.example.com,https://demo.directorist.com/theme/dlist/wp-content/uploads/2020/01/6.jpg,https://www.youtube.com/watch?v=DGQwd1_dpuc&t=4s,,
Shopping City of Los Angeles,It is a long established fact that a reader will be distracted by the readable content of a page when looking at its layout. It is a long established fact that a reader will be distracted by the readable content of a page when looking at its layout. It is a long established fact that a reader will be distracted by the readable content of a page when looking at its layout.It is a long established fact that a reader will be distracted by the readable content of a page when looking at its layout. It is a long established fact that a reader will be distracted by the readable content of a page when looking at its layout. It is a long established fact that a reader will be distracted by the readable content of a page when looking at its layout,Donec pede justo fringilla vel,2525,high,20,,Scotland,purefood,Restaurent,0,My geo location,40.7143528,-74.0059731,,369659,59589585298,548548596xxxx,562552,example@gmail.com,www.example.com,https://demo.directorist.com/theme/dlist/wp-content/uploads/2020/01/2.jpg,https://www.youtube.com/watch?v=DGQwd1_dpuc&t=4s,,
Dubai Fountain Hotel,It is a long established fact that a reader will be distracted by the readable content of a page when looking at its layout. It is a long established fact that a reader will be distracted by the readable content of a page when looking at its layout. It is a long established fact that a reader will be distracted by the readable content of a page when looking at its layout.It is a long established fact that a reader will be distracted by the readable content of a page when looking at its layout. It is a long established fact that a reader will be distracted by the readable content of a page when looking at its layout. It is a long established fact that a reader will be distracted by the readable content of a page when looking at its layout,Donec pede justo fringilla vel,2525,high,25,,Texas,shopping,Hotel & Mall,0,My geo location,40.7143528,-74.0059731,,369659,59589585298,548548596xxxx,562552,example@gmail.com,www.example.com,https://demo.directorist.com/theme/dlist/wp-content/uploads/2020/01/3-6.jpg,https://www.youtube.com/watch?v=DGQwd1_dpuc&t=4s,,
Retail Therapy Clothing Boutique,It is a long established fact that a reader will be distracted by the readable content of a page when looking at its layout. It is a long established fact that a reader will be distracted by the readable content of a page when looking at its layout. It is a long established fact that a reader will be distracted by the readable content of a page when looking at its layout.It is a long established fact that a reader will be distracted by the readable content of a page when looking at its layout. It is a long established fact that a reader will be distracted by the readable content of a page when looking at its layout. It is a long established fact that a reader will be distracted by the readable content of a page when looking at its layout,Donec pede justo fringilla vel,2525,high,5,,Texas,shopping,Hotel & Mall,0,My geo location,40.7143528,-74.0059731,,369659,59589585298,548548596xxxx,562552,example@gmail.com,www.example.com,https://demo.directorist.com/theme/dlist/wp-content/uploads/2020/01/4.jpg,https://www.youtube.com/watch?v=DGQwd1_dpuc&t=4s,,
Live Fit Gym,It is a long established fact that a reader will be distracted by the readable content of a page when looking at its layout. It is a long established fact that a reader will be distracted by the readable content of a page when looking at its layout. It is a long established fact that a reader will be distracted by the readable content of a page when looking at its layout.It is a long established fact that a reader will be distracted by the readable content of a page when looking at its layout. It is a long established fact that a reader will be distracted by the readable content of a page when looking at its layout. It is a long established fact that a reader will be distracted by the readable content of a page when looking at its layout,Donec pede justo fringilla vel,2525,high,100,,Texas,shopping,Hotel & Mall,0,My geo location,40.7143528,-74.0059731,,369659,59589585298,548548596xxxx,562552,example@gmail.com,www.example.com,https://demo.directorist.com/theme/dlist/wp-content/uploads/2020/01/3-2.jpg,https://www.youtube.com/watch?v=DGQwd1_dpuc&t=4s,,
Cafe de Casa,It is a long established fact that a reader will be distracted by the readable content of a page when looking at its layout. It is a long established fact that a reader will be distracted by the readable content of a page when looking at its layout. It is a long established fact that a reader will be distracted by the readable content of a page when looking at its layout.It is a long established fact that a reader will be distracted by the readable content of a page when looking at its layout. It is a long established fact that a reader will be distracted by the readable content of a page when looking at its layout. It is a long established fact that a reader will be distracted by the readable content of a page when looking at its layout,Donec pede justo fringilla vel,2525,high,25,,london,food,Cafe,0,address 1,40.7143528,-74.0059731,,369659,59589585298,548548596xxxx,562552,example@gmail.com,www.example.com,https://demo.directorist.com/theme/dservice/wp-content/uploads/2019/12/cat1.jpg,https://www.youtube.com/watch?v=DGQwd1_dpuc&t=4s,,
Frontline Electrical Services,It is a long established fact that a reader will be distracted by the readable content of a page when looking at its layout. It is a long established fact that a reader will be distracted by the readable content of a page when looking at its layout. It is a long established fact that a reader will be distracted by the readable content of a page when looking at its layout.It is a long established fact that a reader will be distracted by the readable content of a page when looking at its layout. It is a long established fact that a reader will be distracted by the readable content of a page when looking at its layout. It is a long established fact that a reader will be distracted by the readable content of a page when looking at its layout,Donec pede justo fringilla vel,2525,high,25,,london,food,Cafe,0,address 2,40.7143528,-74.0059731,,369659,59589585298,548548596xxxx,562552,example@gmail.com,www.example.com,https://demo.directorist.com/theme/dservice/wp-content/uploads/2019/12/a.jpg,https://www.youtube.com/watch?v=DGQwd1_dpuc&t=4s,,
All American Lock and Key,It is a long established fact that a reader will be distracted by the readable content of a page when looking at its layout. It is a long established fact that a reader will be distracted by the readable content of a page when looking at its layout. It is a long established fact that a reader will be distracted by the readable content of a page when looking at its layout.It is a long established fact that a reader will be distracted by the readable content of a page when looking at its layout. It is a long established fact that a reader will be distracted by the readable content of a page when looking at its layout. It is a long established fact that a reader will be distracted by the readable content of a page when looking at its layout,Donec pede justo fringilla vel,2525,high,25,,london,food,Cafe,0,address 3,40.7143528,-74.0059731,,369659,59589585298,548548596xxxx,562552,example@gmail.com,www.example.com,https://demo.directorist.com/theme/dservice/wp-content/uploads/2019/12/5-1.jpg,https://www.youtube.com/watch?v=DGQwd1_dpuc&t=4s,,
Spot Free HVAC Air Services,It is a long established fact that a reader will be distracted by the readable content of a page when looking at its layout. It is a long established fact that a reader will be distracted by the readable content of a page when looking at its layout. It is a long established fact that a reader will be distracted by the readable content of a page when looking at its layout.It is a long established fact that a reader will be distracted by the readable content of a page when looking at its layout. It is a long established fact that a reader will be distracted by the readable content of a page when looking at its layout. It is a long established fact that a reader will be distracted by the readable content of a page when looking at its layout,Donec pede justo fringilla vel,2525,high,25,,New York,onsell,Electronics,0,My geo location,40.7143528,-74.0059731,,369659,59589585298,548548596xxxx,562552,example@gmail.com,www.example.com,https://demo.directorist.com/theme/dservice/wp-content/uploads/2019/12/b.jpg,https://www.youtube.com/watch?v=DGQwd1_dpuc&t=4s,,
Monitor Repair Service,It is a long established fact that a reader will be distracted by the readable content of a page when looking at its layout. It is a long established fact that a reader will be distracted by the readable content of a page when looking at its layout. It is a long established fact that a reader will be distracted by the readable content of a page when looking at its layout.It is a long established fact that a reader will be distracted by the readable content of a page when looking at its layout. It is a long established fact that a reader will be distracted by the readable content of a page when looking at its layout. It is a long established fact that a reader will be distracted by the readable content of a page when looking at its layout,Donec pede justo fringilla vel,2525,high,25,,New York,tag 5,Electronics,0,My geo location,40.7143528,-74.0059731,,369659,59589585298,548548596xxxx,562552,example@gmail.com,www.example.com,https://demo.directorist.com/theme/dservice/wp-content/uploads/2019/05/3-730x413-1.jpg,https://www.youtube.com/watch?v=DGQwd1_dpuc&t=4s,,
Facundo Cruz’s Painting Services,It is a long established fact that a reader will be distracted by the readable content of a page when looking at its layout. It is a long established fact that a reader will be distracted by the readable content of a page when looking at its layout. It is a long established fact that a reader will be distracted by the readable content of a page when looking at its layout.It is a long established fact that a reader will be distracted by the readable content of a page when looking at its layout. It is a long established fact that a reader will be distracted by the readable content of a page when looking at its layout. It is a long established fact that a reader will be distracted by the readable content of a page when looking at its layout,Donec pede justo fringilla vel,2525,high,25,,New York,tag 5,Electronics,0,My geo location,40.7143528,-74.0059731,,369659,59589585298,548548596xxxx,562552,example@gmail.com,www.example.com,https://demo.directorist.com/theme/dservice/wp-content/uploads/2019/12/c.jpg,https://www.youtube.com/watch?v=DGQwd1_dpuc&t=4s,,
Sky Princess debuts in Fall 2019,It is a long established fact that a reader will be distracted by the readable content of a page when looking at its layout. It is a long established fact that a reader will be distracted by the readable content of a page when looking at its layout. It is a long established fact that a reader will be distracted by the readable content of a page when looking at its layout.It is a long established fact that a reader will be distracted by the readable content of a page when looking at its layout. It is a long established fact that a reader will be distracted by the readable content of a page when looking at its layout. It is a long established fact that a reader will be distracted by the readable content of a page when looking at its layout,Donec pede justo fringilla vel,2525,high,25,,New York,tag 5,Electronics,0,My geo location,40.7143528,-74.0059731,,369659,59589585298,548548596xxxx,562552,example@gmail.com,www.example.com,https://demo.directorist.com/theme/dservice/wp-content/uploads/2019/12/8-1.jpg,https://www.youtube.com/watch?v=DGQwd1_dpuc&t=4s,,
iPhone Repaire FiDi,It is a long established fact that a reader will be distracted by the readable content of a page when looking at its layout. It is a long established fact that a reader will be distracted by the readable content of a page when looking at its layout. It is a long established fact that a reader will be distracted by the readable content of a page when looking at its layout.It is a long established fact that a reader will be distracted by the readable content of a page when looking at its layout. It is a long established fact that a reader will be distracted by the readable content of a page when looking at its layout. It is a long established fact that a reader will be distracted by the readable content of a page when looking at its layout,Donec pede justo fringilla vel,2525,high,25,,New York,tag 5,Electronics,0,My geo location,40.7143528,-74.0059731,,369659,59589585298,548548596xxxx,562552,example@gmail.com,www.example.com,https://demo.directorist.com/theme/dservice/wp-content/uploads/2019/12/4-1.jpg,https://www.youtube.com/watch?v=DGQwd1_dpuc&t=4s,,
Mother Care,It is a long established fact that a reader will be distracted by the readable content of a page when looking at its layout. It is a long established fact that a reader will be distracted by the readable content of a page when looking at its layout. It is a long established fact that a reader will be distracted by the readable content of a page when looking at its layout.It is a long established fact that a reader will be distracted by the readable content of a page when looking at its layout. It is a long established fact that a reader will be distracted by the readable content of a page when looking at its layout. It is a long established fact that a reader will be distracted by the readable content of a page when looking at its layout,Donec pede justo fringilla vel,2525,high,25,,Dubai,best food,Education,0,My geo location,25.204849,55.270782,,369659,59589585298,548548596xxxx,562552,example@gmail.com,www.example.com,https://demo.directorist.com/plugin/demo-one/wp-content/uploads/2020/06/reading-1156865_1280-1024x768.jpg,https://www.youtube.com/watch?v=DGQwd1_dpuc&t=4s,,
The House,It is a long established fact that a reader will be distracted by the readable content of a page when looking at its layout. It is a long established fact that a reader will be distracted by the readable content of a page when looking at its layout. It is a long established fact that a reader will be distracted by the readable content of a page when looking at its layout.It is a long established fact that a reader will be distracted by the readable content of a page when looking at its layout. It is a long established fact that a reader will be distracted by the readable content of a page when looking at its layout. It is a long established fact that a reader will be distracted by the readable content of a page when looking at its layout,Donec pede justo fringilla vel,2525,high,25,,Dubai,best food,Education,0,My geo location,25.204849,55.270782,,369659,59589585298,548548596xxxx,562552,example@gmail.com,www.example.com,https://demo.directorist.com/plugin/demo-one/wp-content/uploads/2020/06/apple-1873078_640.jpg,https://www.youtube.com/watch?v=DGQwd1_dpuc&t=4s,,