name,details,tagline,price,price_range,atbdp_post_views_count,excerpt,location,tag,category,hide_contact_info,address,manual_lat,manual_lng,hide_map,zip,phone,phone2,fax,email,website,listing_prv_img,videourl,fm_plans,claimed_by_admin
Global University,It is a long established fact that a reader will be distracted by the readable content of a page when looking at its layout. It is a long established fact that a reader will be distracted by the readable content of a page when looking at its layout. It is a long established fact that a reader will be distracted by the readable content of a page when looking at its layout.It is a long established fact that a reader will be distracted by the readable content of a page when looking at its layout. It is a long established fact that a reader will be distracted by the readable content of a page when looking at its layout. It is a long established fact that a reader will be distracted by the readable content of a page when looking at its layout,Donec pede justo fringilla vel,2525,high,25,,Dubai,best food,Education,0,My geo location,25.204849,55.270782,,369659,59589585298,548548596xxxx,562552,example@gmail.com,https://example.com,https://demo.directorist.com/plugin/demo-one/wp-content/uploads/2021/04/protest-2265287_1280.jpg,https://www.youtube.com/watch?v=DGQwd1_dpuc&t=4s,,
Ready Resort for Sell,It is a long established fact that a reader will be distracted by the readable content of a page when looking at its layout. It is a long established fact that a reader will be distracted by the readable content of a page when looking at its layout. It is a long established fact that a reader will be distracted by the readable content of a page when looking at its layout.It is a long established fact that a reader will be distracted by the readable content of a page when looking at its layout. It is a long established fact that a reader will be distracted by the readable content of a page when looking at its layout. It is a long established fact that a reader will be distracted by the readable content of a page when looking at its layout,Donec pede justo fringilla vel,2525,high,25,,Dubai,best food,Education,0,My geo location,25.204849,55.270782,,369659,59589585298,548548596xxxx,562552,example@gmail.com,https://example.com,https://demo.directorist.com/plugin/demo-one/wp-content/uploads/2021/04/maldives-262523_1280.jpg,https://www.youtube.com/watch?v=DGQwd1_dpuc&t=4s,,
Holiday Luxury House,It is a long established fact that a reader will be distracted by the readable content of a page when looking at its layout. It is a long established fact that a reader will be distracted by the readable content of a page when looking at its layout. It is a long established fact that a reader will be distracted by the readable content of a page when looking at its layout.It is a long established fact that a reader will be distracted by the readable content of a page when looking at its layout. It is a long established fact that a reader will be distracted by the readable content of a page when looking at its layout. It is a long established fact that a reader will be distracted by the readable content of a page when looking at its layout,Donec pede justo fringilla vel,2525,high,25,,Melborn,house,Place,0,My geo location,-37.813629,144.963058,,369659,59589585298,548548596xxxx,562552,example@gmail.com,https://example.com,https://demo.directorist.com/plugin/demo-one/wp-content/uploads/2021/04/bora-bora-3023437_640.jpg,https://www.youtube.com/watch?v=DGQwd1_dpuc&t=4s,,
Gary Danko,It is a long established fact that a reader will be distracted by the readable content of a page when looking at its layout. It is a long established fact that a reader will be distracted by the readable content of a page when looking at its layout. It is a long established fact that a reader will be distracted by the readable content of a page when looking at its layout.It is a long established fact that a reader will be distracted by the readable content of a page when looking at its layout. It is a long established fact that a reader will be distracted by the readable content of a page when looking at its layout. It is a long established fact that a reader will be distracted by the readable content of a page when looking at its layout,Donec pede justo fringilla vel,2525,high,25,,Melborn,house,Place,0,My geo location,-37.813629,144.963058,,369659,59589585298,548548596xxxx,562552,example@gmail.com,https://example.com,https://demo.directorist.com/plugin/demo-one/wp-content/uploads/2021/04/lesson-1014915_1280.jpg,https://www.youtube.com/watch?v=DGQwd1_dpuc&t=4s,,
The Bungalow,It is a long established fact that a reader will be distracted by the readable content of a page when looking at its layout. It is a long established fact that a reader will be distracted by the readable content of a page when looking at its layout. It is a long established fact that a reader will be distracted by the readable content of a page when looking at its layout.It is a long established fact that a reader will be distracted by the readable content of a page when looking at its layout. It is a long established fact that a reader will be distracted by the readable content of a page when looking at its layout. It is a long established fact that a reader will be distracted by the readable content of a page when looking at its layout,Donec pede justo fringilla vel,2525,high,25,,Melborn,house,Place,0,My geo location,-37.813629,144.963058,,369659,59589585298,548548596xxxx,562552,example@gmail.com,https://example.com,https://demo.directorist.com/plugin/demo-one/wp-content/uploads/2021/04/vegetables-1584999_640.jpg,https://www.youtube.com/watch?v=DGQwd1_dpuc&t=4s,,
Jack Restaurant,It is a long established fact that a reader will be distracted by the readable content of a page when looking at its layout. It is a long established fact that a reader will be distracted by the readable content of a page when looking at its layout. It is a long established fact that a reader will be distracted by the readable content of a page when looking at its layout.It is a long established fact that a reader will be distracted by the readable content of a page when looking at its layout. It is a long established fact that a reader will be distracted by the readable content of a page when looking at its layout. It is a long established fact that a reader will be distracted by the readable content of a page when looking at its layout,Donec pede justo fringilla vel,2525,high,25,,Melborn,house,Place,0,My geo location,-37.813629,144.963058,,369659,59589585298,548548596xxxx,562552,example@gmail.com,https://example.com,https://demo.directorist.com/plugin/demo-one/wp-content/uploads/2021/04/coffee-2390136_640.jpg,https://www.youtube.com/watch?v=DGQwd1_dpuc&t=4s,,
The Maryleborne,It is a long established fact that a reader will be distracted by the readable content of a page when looking at its layout. It is a long established fact that a reader will be distracted by the readable content of a page when looking at its layout. It is a long established fact that a reader will be distracted by the readable content of a page when looking at its layout.It is a long established fact that a reader will be distracted by the readable content of a page when looking at its layout. It is a long established fact that a reader will be distracted by the readable content of a page when looking at its layout. It is a long established fact that a reader will be distracted by the readable content of a page when looking at its layout,Donec pede justo fringilla vel,2525,high,25,,Singapure,Rent,Rent,0,My geo location,1.289440,103.849983,,369659,59589585298,548548596xxxx,562552,example@gmail.com,https://example.com,https://demo.directorist.com/plugin/demo-one/wp-content/uploads/2021/04/greece-844269_640.jpg,https://www.youtube.com/watch?v=DGQwd1_dpuc&t=4s,,
Rose Cottage House,It is a long established fact that a reader will be distracted by the readable content of a page when looking at its layout. It is a long established fact that a reader will be distracted by the readable content of a page when looking at its layout. It is a long established fact that a reader will be distracted by the readable content of a page when looking at its layout.It is a long established fact that a reader will be distracted by the readable content of a page when looking at its layout. It is a long established fact that a reader will be distracted by the readable content of a page when looking at its layout. It is a long established fact that a reader will be distracted by the readable content of a page when looking at its layout,Donec pede justo fringilla vel,2525,high,25,,Singapure,Rent,Rent,0,My geo location,1.289440,103.849983,,369659,59589585298,548548596xxxx,562552,example@gmail.com,https://example.com,https://demo.directorist.com/plugin/demo-one/wp-content/uploads/2021/04/hammocks-413714_640.jpg,https://www.youtube.com/watch?v=DGQwd1_dpuc&t=4s,,
Windy Ridge,It is a long established fact that a reader will be distracted by the readable content of a page when looking at its layout. It is a long established fact that a reader will be distracted by the readable content of a page when looking at its layout. It is a long established fact that a reader will be distracted by the readable content of a page when looking at its layout.It is a long established fact that a reader will be distracted by the readable content of a page when looking at its layout. It is a long established fact that a reader will be distracted by the readable content of a page when looking at its layout. It is a long established fact that a reader will be distracted by the readable content of a page when looking at its layout,Donec pede justo fringilla vel,2525,high,25,,Singapure,Rent,Rent,0,My geo location,1.289440,103.849983,,369659,59589585298,548548596xxxx,562552,example@gmail.com,https://example.com,https://demo.directorist.com/plugin/demo-one/wp-content/uploads/2021/04/apple-1873078_640.jpg,https://www.youtube.com/watch?v=DGQwd1_dpuc&t=4s,,
Green Ways,It is a long established fact that a reader will be distracted by the readable content of a page when looking at its layout. It is a long established fact that a reader will be distracted by the readable content of a page when looking at its layout. It is a long established fact that a reader will be distracted by the readable content of a page when looking at its layout.It is a long established fact that a reader will be distracted by the readable content of a page when looking at its layout. It is a long established fact that a reader will be distracted by the readable content of a page when looking at its layout. It is a long established fact that a reader will be distracted by the readable content of a page when looking at its layout,Donec pede justo fringilla vel,2525,high,25,,Singapure,Rent,Rent,0,My geo location,1.289440,103.849983,,369659,59589585298,548548596xxxx,562552,example@gmail.com,https://example.com,https://demo.directorist.com/plugin/demo-one/wp-content/uploads/2021/04/villa-4555805_1280.jpg,https://www.youtube.com/watch?v=DGQwd1_dpuc&t=4s,,
Holly Cottage,It is a long established fact that a reader will be distracted by the readable content of a page when looking at its layout. It is a long established fact that a reader will be distracted by the readable content of a page when looking at its layout. It is a long established fact that a reader will be distracted by the readable content of a page when looking at its layout.It is a long established fact that a reader will be distracted by the readable content of a page when looking at its layout. It is a long established fact that a reader will be distracted by the readable content of a page when looking at its layout. It is a long established fact that a reader will be distracted by the readable content of a page when looking at its layout,Donec pede justo fringilla vel,2525,high,25,,Singapure,Rent,Rent,0,My geo location,1.289440,103.849983,,369659,59589585298,548548596xxxx,562552,example@gmail.com,https://example.com,https://demo.directorist.com/plugin/demo-one/wp-content/uploads/2021/04/bed-1846251_640.jpg,https://www.youtube.com/watch?v=DGQwd1_dpuc&t=4s,,
Sun Apartment,It is a long established fact that a reader will be distracted by the readable content of a page when looking at its layout. It is a long established fact that a reader will be distracted by the readable content of a page when looking at its layout. It is a long established fact that a reader will be distracted by the readable content of a page when looking at its layout.It is a long established fact that a reader will be distracted by the readable content of a page when looking at its layout. It is a long established fact that a reader will be distracted by the readable content of a page when looking at its layout. It is a long established fact that a reader will be distracted by the readable content of a page when looking at its layout,Donec pede justo fringilla vel,2525,high,25,,Los Angeles,purefood,Restaurent,0,My geo location,40.7143528,-74.0059731,,369659,59589585298,548548596xxxx,562552,example@gmail.com,https://example.com,https://demo.directorist.com/plugin/demo-one/wp-content/uploads/2021/04/townhouse-check-point-2821966_640.jpg,https://www.youtube.com/watch?v=DGQwd1_dpuc&t=4s,,
Hose for rent!,It is a long established fact that a reader will be distracted by the readable content of a page when looking at its layout. It is a long established fact that a reader will be distracted by the readable content of a page when looking at its layout. It is a long established fact that a reader will be distracted by the readable content of a page when looking at its layout.It is a long established fact that a reader will be distracted by the readable content of a page when looking at its layout. It is a long established fact that a reader will be distracted by the readable content of a page when looking at its layout. It is a long established fact that a reader will be distracted by the readable content of a page when looking at its layout,Donec pede justo fringilla vel,2525,high,25,,Los Angeles,purefood,Restaurent,0,My geo location,40.7143528,-74.0059731,,369659,59589585298,548548596xxxx,562552,example@gmail.com,https://example.com,https://demo.directorist.com/plugin/demo-one/wp-content/uploads/2021/05/vintage-1149558_1920.jpg,https://www.youtube.com/watch?v=DGQwd1_dpuc&t=4s,,
Florist’s Shop,It is a long established fact that a reader will be distracted by the readable content of a page when looking at its layout. It is a long established fact that a reader will be distracted by the readable content of a page when looking at its layout. It is a long established fact that a reader will be distracted by the readable content of a page when looking at its layout.It is a long established fact that a reader will be distracted by the readable content of a page when looking at its layout. It is a long established fact that a reader will be distracted by the readable content of a page when looking at its layout. It is a long established fact that a reader will be distracted by the readable content of a page when looking at its layout,Donec pede justo fringilla vel,2525,high,95,,Scotland,purefood,Street Food,0,My geo location,40.7143528,-74.0059731,,369659,59589585298,548548596xxxx,562552,example@gmail.com,https://example.com,https://demo.directorist.com/plugin/demo-one/wp-content/uploads/2021/05/raspberry-2023404_640.jpg,https://www.youtube.com/watch?v=DGQwd1_dpuc&t=4s,,
Sydney Restaurant Towers,It is a long established fact that a reader will be distracted by the readable content of a page when looking at its layout. It is a long established fact that a reader will be distracted by the readable content of a page when looking at its layout. It is a long established fact that a reader will be distracted by the readable content of a page when looking at its layout.It is a long established fact that a reader will be distracted by the readable content of a page when looking at its layout. It is a long established fact that a reader will be distracted by the readable content of a page when looking at its layout. It is a long established fact that a reader will be distracted by the readable content of a page when looking at its layout,Donec pede justo fringilla vel,2525,high,25,,Scotland,purefood,Street Food,0,My geo location,40.7143528,-74.0059731,,369659,59589585298,548548596xxxx,562552,example@gmail.com,https://example.com,https://demo.directorist.com/plugin/demo-one/wp-content/uploads/2021/05/momos-4935232_1920.jpg,https://www.youtube.com/watch?v=DGQwd1_dpuc&t=4s,,
Kung Food & Drinks,It is a long established fact that a reader will be distracted by the readable content of a page when looking at its layout. It is a long established fact that a reader will be distracted by the readable content of a page when looking at its layout. It is a long established fact that a reader will be distracted by the readable content of a page when looking at its layout.It is a long established fact that a reader will be distracted by the readable content of a page when looking at its layout. It is a long established fact that a reader will be distracted by the readable content of a page when looking at its layout. It is a long established fact that a reader will be distracted by the readable content of a page when looking at its layout,Donec pede justo fringilla vel,2525,high,25,,Scotland,purefood,Restaurent,0,My geo location,40.7143528,-74.0059731,,369659,59589585298,548548596xxxx,562552,example@gmail.com,https://example.com,https://demo.directorist.com/plugin/demo-one/wp-content/uploads/2021/04/preschoolers-1191122_1280.jpg,https://www.youtube.com/watch?v=DGQwd1_dpuc&t=4s,,
Shopping City of Los Angeles,It is a long established fact that a reader will be distracted by the readable content of a page when looking at its layout. It is a long established fact that a reader will be distracted by the readable content of a page when looking at its layout. It is a long established fact that a reader will be distracted by the readable content of a page when looking at its layout.It is a long established fact that a reader will be distracted by the readable content of a page when looking at its layout. It is a long established fact that a reader will be distracted by the readable content of a page when looking at its layout. It is a long established fact that a reader will be distracted by the readable content of a page when looking at its layout,Donec pede justo fringilla vel,2525,high,20,,Scotland,purefood,Restaurent,0,My geo location,40.7143528,-74.0059731,,369659,59589585298,548548596xxxx,562552,example@gmail.com,https://example.com,https://demo.directorist.com/plugin/demo-one/wp-content/uploads/2021/04/Trafalgar.jpg,https://www.youtube.com/watch?v=DGQwd1_dpuc&t=4s,,
Dubai Fountain Hotel,It is a long established fact that a reader will be distracted by the readable content of a page when looking at its layout. It is a long established fact that a reader will be distracted by the readable content of a page when looking at its layout. It is a long established fact that a reader will be distracted by the readable content of a page when looking at its layout.It is a long established fact that a reader will be distracted by the readable content of a page when looking at its layout. It is a long established fact that a reader will be distracted by the readable content of a page when looking at its layout. It is a long established fact that a reader will be distracted by the readable content of a page when looking at its layout,Donec pede justo fringilla vel,2525,high,25,,Texas,shopping,Hotel & Mall,0,My geo location,40.7143528,-74.0059731,,369659,59589585298,548548596xxxx,562552,example@gmail.com,https://example.com,https://demo.directorist.com/plugin/demo-one/wp-content/uploads/2021/05/indoors-4234071_1920.jpg,https://www.youtube.com/watch?v=DGQwd1_dpuc&t=4s,,
Retail Therapy Clothing Boutique,It is a long established fact that a reader will be distracted by the readable content of a page when looking at its layout. It is a long established fact that a reader will be distracted by the readable content of a page when looking at its layout. It is a long established fact that a reader will be distracted by the readable content of a page when looking at its layout.It is a long established fact that a reader will be distracted by the readable content of a page when looking at its layout. It is a long established fact that a reader will be distracted by the readable content of a page when looking at its layout. It is a long established fact that a reader will be distracted by the readable content of a page when looking at its layout,Donec pede justo fringilla vel,2525,high,5,,Texas,shopping,Hotel & Mall,0,My geo location,40.7143528,-74.0059731,,369659,59589585298,548548596xxxx,562552,example@gmail.com,https://example.com,https://demo.directorist.com/plugin/demo-one/wp-content/uploads/2021/05/shop-906722_1920.jpg,https://www.youtube.com/watch?v=DGQwd1_dpuc&t=4s,,
Live Fit Gym,It is a long established fact that a reader will be distracted by the readable content of a page when looking at its layout. It is a long established fact that a reader will be distracted by the readable content of a page when looking at its layout. It is a long established fact that a reader will be distracted by the readable content of a page when looking at its layout.It is a long established fact that a reader will be distracted by the readable content of a page when looking at its layout. It is a long established fact that a reader will be distracted by the readable content of a page when looking at its layout. It is a long established fact that a reader will be distracted by the readable content of a page when looking at its layout,Donec pede justo fringilla vel,2525,high,100,,Texas,shopping,Hotel & Mall,0,My geo location,40.7143528,-74.0059731,,369659,59589585298,548548596xxxx,562552,example@gmail.com,https://example.com,https://demo.directorist.com/plugin/demo-one/wp-content/uploads/2021/05/fitness-1882721_1920.jpg,https://www.youtube.com/watch?v=DGQwd1_dpuc&t=4s,,
Cafe de Casa,It is a long established fact that a reader will be distracted by the readable content of a page when looking at its layout. It is a long established fact that a reader will be distracted by the readable content of a page when looking at its layout. It is a long established fact that a reader will be distracted by the readable content of a page when looking at its layout.It is a long established fact that a reader will be distracted by the readable content of a page when looking at its layout. It is a long established fact that a reader will be distracted by the readable content of a page when looking at its layout. It is a long established fact that a reader will be distracted by the readable content of a page when looking at its layout,Donec pede justo fringilla vel,2525,high,25,,london,food,Cafe,0,address 1,40.7143528,-74.0059731,,369659,59589585298,548548596xxxx,562552,example@gmail.com,https://example.com,https://demo.directorist.com/plugin/demo-one/wp-content/uploads/2021/05/coffee-984328_1920.jpg,https://www.youtube.com/watch?v=DGQwd1_dpuc&t=4s,,
Frontline Electrical Services,It is a long established fact that a reader will be distracted by the readable content of a page when looking at its layout. It is a long established fact that a reader will be distracted by the readable content of a page when looking at its layout. It is a long established fact that a reader will be distracted by the readable content of a page when looking at its layout.It is a long established fact that a reader will be distracted by the readable content of a page when looking at its layout. It is a long established fact that a reader will be distracted by the readable content of a page when looking at its layout. It is a long established fact that a reader will be distracted by the readable content of a page when looking at its layout,Donec pede justo fringilla vel,2525,high,25,,london,food,Cafe,0,address 2,40.7143528,-74.0059731,,369659,59589585298,548548596xxxx,562552,example@gmail.com,https://example.com,https://demo.directorist.com/plugin/demo-one/wp-content/uploads/2021/05/motor-768750_1920.jpg,https://www.youtube.com/watch?v=DGQwd1_dpuc&t=4s,,
All American Lock and Key,It is a long established fact that a reader will be distracted by the readable content of a page when looking at its layout. It is a long established fact that a reader will be distracted by the readable content of a page when looking at its layout. It is a long established fact that a reader will be distracted by the readable content of a page when looking at its layout.It is a long established fact that a reader will be distracted by the readable content of a page when looking at its layout. It is a long established fact that a reader will be distracted by the readable content of a page when looking at its layout. It is a long established fact that a reader will be distracted by the readable content of a page when looking at its layout,Donec pede justo fringilla vel,2525,high,25,,london,food,Cafe,0,address 3,40.7143528,-74.0059731,,369659,59589585298,548548596xxxx,562552,example@gmail.com,https://example.com,https://demo.directorist.com/plugin/demo-one/wp-content/uploads/2021/05/typewriter-407695_1920.jpg,https://www.youtube.com/watch?v=DGQwd1_dpuc&t=4s,,
Spot Free HVAC Air Services,It is a long established fact that a reader will be distracted by the readable content of a page when looking at its layout. It is a long established fact that a reader will be distracted by the readable content of a page when looking at its layout. It is a long established fact that a reader will be distracted by the readable content of a page when looking at its layout.It is a long established fact that a reader will be distracted by the readable content of a page when looking at its layout. It is a long established fact that a reader will be distracted by the readable content of a page when looking at its layout. It is a long established fact that a reader will be distracted by the readable content of a page when looking at its layout,Donec pede justo fringilla vel,2525,high,25,,New York,onsell,Electronics,0,My geo location,40.7143528,-74.0059731,,369659,59589585298,548548596xxxx,562552,example@gmail.com,https://example.com,https://demo.directorist.com/plugin/demo-one/wp-content/uploads/2021/05/aircraft-63028_1920.jpg,https://www.youtube.com/watch?v=DGQwd1_dpuc&t=4s,,
Monitor Repair Service,It is a long established fact that a reader will be distracted by the readable content of a page when looking at its layout. It is a long established fact that a reader will be distracted by the readable content of a page when looking at its layout. It is a long established fact that a reader will be distracted by the readable content of a page when looking at its layout.It is a long established fact that a reader will be distracted by the readable content of a page when looking at its layout. It is a long established fact that a reader will be distracted by the readable content of a page when looking at its layout. It is a long established fact that a reader will be distracted by the readable content of a page when looking at its layout,Donec pede justo fringilla vel,2525,high,25,,New York,tag 5,Electronics,0,My geo location,40.7143528,-74.0059731,,369659,59589585298,548548596xxxx,562552,example@gmail.com,https://example.com,https://demo.directorist.com/plugin/demo-one/wp-content/uploads/2021/05/screw-4929711_1920.jpg,https://www.youtube.com/watch?v=DGQwd1_dpuc&t=4s,,
Facundo Cruz’s Painting Services,It is a long established fact that a reader will be distracted by the readable content of a page when looking at its layout. It is a long established fact that a reader will be distracted by the readable content of a page when looking at its layout. It is a long established fact that a reader will be distracted by the readable content of a page when looking at its layout.It is a long established fact that a reader will be distracted by the readable content of a page when looking at its layout. It is a long established fact that a reader will be distracted by the readable content of a page when looking at its layout. It is a long established fact that a reader will be distracted by the readable content of a page when looking at its layout,Donec pede justo fringilla vel,2525,high,25,,New York,tag 5,Electronics,0,My geo location,40.7143528,-74.0059731,,369659,59589585298,548548596xxxx,562552,example@gmail.com,https://example.com,https://demo.directorist.com/plugin/demo-one/wp-content/uploads/2021/05/typewriter-2325552_1920.jpg,https://www.youtube.com/watch?v=DGQwd1_dpuc&t=4s,,
Sky Princess debuts in Fall 2019,It is a long established fact that a reader will be distracted by the readable content of a page when looking at its layout. It is a long established fact that a reader will be distracted by the readable content of a page when looking at its layout. It is a long established fact that a reader will be distracted by the readable content of a page when looking at its layout.It is a long established fact that a reader will be distracted by the readable content of a page when looking at its layout. It is a long established fact that a reader will be distracted by the readable content of a page when looking at its layout. It is a long established fact that a reader will be distracted by the readable content of a page when looking at its layout,Donec pede justo fringilla vel,2525,high,25,,New York,tag 5,Electronics,0,My geo location,40.7143528,-74.0059731,,369659,59589585298,548548596xxxx,562552,example@gmail.com,https://example.com,https://demo.directorist.com/plugin/demo-one/wp-content/uploads/2021/05/tree-736885_1280.jpg,https://www.youtube.com/watch?v=DGQwd1_dpuc&t=4s,,
iPhone Repaire FiDi,It is a long established fact that a reader will be distracted by the readable content of a page when looking at its layout. It is a long established fact that a reader will be distracted by the readable content of a page when looking at its layout. It is a long established fact that a reader will be distracted by the readable content of a page when looking at its layout.It is a long established fact that a reader will be distracted by the readable content of a page when looking at its layout. It is a long established fact that a reader will be distracted by the readable content of a page when looking at its layout. It is a long established fact that a reader will be distracted by the readable content of a page when looking at its layout,Donec pede justo fringilla vel,2525,high,25,,New York,tag 5,Electronics,0,My geo location,40.7143528,-74.0059731,,369659,59589585298,548548596xxxx,562552,example@gmail.com,https://example.com,https://demo.directorist.com/plugin/demo-one/wp-content/uploads/2021/05/iphone-3566282_1920.jpg,https://www.youtube.com/watch?v=DGQwd1_dpuc&t=4s,,
Mother Care,It is a long established fact that a reader will be distracted by the readable content of a page when looking at its layout. It is a long established fact that a reader will be distracted by the readable content of a page when looking at its layout. It is a long established fact that a reader will be distracted by the readable content of a page when looking at its layout.It is a long established fact that a reader will be distracted by the readable content of a page when looking at its layout. It is a long established fact that a reader will be distracted by the readable content of a page when looking at its layout. It is a long established fact that a reader will be distracted by the readable content of a page when looking at its layout,Donec pede justo fringilla vel,2525,high,25,,Dubai,best food,Education,0,My geo location,25.204849,55.270782,,369659,59589585298,548548596xxxx,562552,example@gmail.com,https://example.com,https://demo.directorist.com/plugin/demo-one/wp-content/uploads/2021/05/family-3501026_1920.jpg,https://www.youtube.com/watch?v=DGQwd1_dpuc&t=4s,,
The House,It is a long established fact that a reader will be distracted by the readable content of a page when looking at its layout. It is a long established fact that a reader will be distracted by the readable content of a page when looking at its layout. It is a long established fact that a reader will be distracted by the readable content of a page when looking at its layout.It is a long established fact that a reader will be distracted by the readable content of a page when looking at its layout. It is a long established fact that a reader will be distracted by the readable content of a page when looking at its layout. It is a long established fact that a reader will be distracted by the readable content of a page when looking at its layout,Donec pede justo fringilla vel,2525,high,25,,Dubai,best food,Education,0,My geo location,25.204849,55.270782,,369659,59589585298,548548596xxxx,562552,example@gmail.com,https://example.com,https://demo.directorist.com/plugin/demo-one/wp-content/uploads/2021/05/cottage-2955582_1920.jpg,https://www.youtube.com/watch?v=DGQwd1_dpuc&t=4s,,